code;first_letter
15054;A0A0
15061;A0A0A0
15070;A0A0A0A0
15031;A0A0A1
15043;A0A0A2
15081;A0A0A3
15062;A0A0A3A0
15059;A0A0A4
15058;A0A0A5
15066;A0A0A6
15075;A0A0A6A0
15067;A0A0A6A1
15098;A0A0A6A2
15096;A0A0A6A3
15020;A0A0A6A4
15097;A0A0A6A5
15068;A0A0A6A6
15078;A0A0A6A7
15036;A0A0A6A8
15069;A0A0A6A9
15089;A0A0A6B0
15099;A0A0A6B1
15079;A0A0A6B2
15091;A0A0A7
15041;A0A0A8
15030;A0A0A8A0
15040;A0A0A8A1
15050;A0A0A8A2
15051;A0A0A8A2A0
15052;A0A0A8A2A0A0
15084;A0A0A9
15073;A0A0B0
15094;A0A0B0A0
15093;A0A0B0A1
15048;A0A0B1
15064;A0A0B2
15034;A0A0B3
15004;A0A0B3A0
15044;A0A0B3A1
15007;A0A0B3A2
15011;A0A0B3A3
15021;A0A0B3A3A0
15018;A0A0B3A3A1
15001;A0A0B3A3A2
15010;A0A0B3A3A3
15000;A0A0B3A3A4
15012;A0A0B3A4
15003;A0A0B3A4A0
15002;A0A0B3A4A1
15005;A0A0B3A5
15013;A0A0B3A6
15006;A0A0B3A7
15038;A0A0B4
15029;A0A0B4A0
15008;A0A0B4A1
15019;A0A0B4A2
15009;A0A0B4A3
15039;A0A0B4A4
15017;A0A0B4A5
15015;A0A0B4A6
44554;A0A1
44590;A0A1A0
44591;A0A1A0A0
44595;A0A1A0A1
44569;A0A1A0A1A0
44588;A0A1A0A2
44557;A0A1A1
44579;A0A1A1A0
44529;A0A1A1A1
44517;A0A1A1A2
44589;A0A1A1A3
44539;A0A1A1A4
44586;A0A1A1A5
44583;A0A1A1A5A0
44564;A0A1A1A5A0A0
44577;A0A1A1A5A1
44587;A0A1A1A5A2
44559;A0A1A1A6
44538;A0A1A1A6A0
44548;A0A1A1A6A1
44549;A0A1A1A6A2
44547;A0A1A1A6A2A0
44528;A0A1A1A6A3
44508;A0A1A1A6A3A0
44536;A0A1A1A7
44542;A0A1A2
44534;A0A1A2A0
44515;A0A1A2A0A0
44514;A0A1A2A1
44562;A0A1A2A2
44571;A0A1A2A2A0
44570;A0A1A2A2A0A0
44560;A0A1A2A2A0A1
44580;A0A1A2A2A0A2
44575;A0A1A2A2A1
44593;A0A1A2A2A1A0
44596;A0A1A2A2A1A1
44573;A0A1A2A2A2
44582;A0A1A2A2A2A0
44584;A0A1A2A2A2A1
44513;A0A1A2A3
44521;A0A1A2A4
44501;A0A1A2A4A0
44510;A0A1A2A4A1
44502;A0A1A2A4A2
44540;A0A1A2A5
44530;A0A1A3
13254;B0A0
13207;B0A0A0
13231;B0A0A1
13267;B0A0A2
13269;B0A0A2A0
13258;B0A0A2A1
13287;B0A0A2A2
13299;B0A0A2A2A0
13246;B0A0A2A2A1
13298;B0A0A2A2A2
13268;B0A0A2A3
13278;B0A0A2A4
13277;B0A0A2A5
13279;B0A0A3
13274;B0A0A4
13261;B0A0A4A0
13272;B0A0A4A0A0
13291;B0A0A4A0A0A0
13270;B0A0A4A0A0A1
13292;B0A0A4A0A0A2
13280;B0A0A4A0A0A3
13262;B0A0A4A0A1
13250;B0A0A4A0A1A0
13288;B0A0A4A0A1A1
13281;B0A0A4A0A1A1A0
13271;B0A0A4A0A1A1A1
13251;B0A0A4A0A1A1A2
13273;B0A0A4A0A1A1A3
13252;B0A0A4A0A1A2
13260;B0A0A4A0A1A3
13285;B0A0A4A1
13256;B0A0A4A1A0
13295;B0A0A4A1A1
13296;B0A0A4A1A2
13286;B0A0A4A2
13297;B0A0A4A2A0
13266;B0A0A4A3
13219;B0A0A4A4
13276;B0A0A4A5
13253;B0A0A4A6
13243;B0A0A4A6A0
13235;B0A0A4A6A1
13238;B0A0A4A6A1A0
13245;B0A0A4A6A2
13234;B0A0A4A7
13236;B0A0A4A7A0
13205;B0A0A4A7A0A0
13222;B0A0A4A7A1
13202;B0A0A4A7A1A0
13214;B0A0A4A7A1A1
13220;B0A0A4A7A1A2
13201;B0A0A4A7A1A3
13213;B0A0A4A7A1A4
13204;B0A0A4A7A1A5
13275;B0A0A4A8
13263;B0A0A4A9
13237;B0A0A5
13218;B0A0A5A0
13209;B0A0A5A0A0
13210;B0A0A5A0A0A0
13239;B0A0A5A1
13249;B0A0A5A1A0
13229;B0A0A5A2
13354;B0A1
13315;B0A1A0
13379;B0A1A1
13361;B0A1A2
13364;B0A1A2A0
13398;B0A1A2A1
13324;B0A1A3
13304;B0A1A3A0
13303;B0A1A3A1
13346;B0A1A4
13351;B0A1A5
13366;B0A1A6
13384;B0A1A6A0
13375;B0A1A6A1
13382;B0A1A6A2
13392;B0A1A6A2A0
13381;B0A1A6A2A0A0
13393;B0A1A6A2A0A1
13321;B0A1A7
13310;B0A1A7A0
13327;B0A1A8
13318;B0A1A8A0
13331;B0A1A9
13380;B0A1B0
13362;B0A1B1
13360;B0A1B1A0
13371;B0A1B1A1
13326;B0A1B2
13306;B0A1B2A0
13307;B0A1B2A1
13313;B0A1B3
13312;B0A1B4
13386;B0A1B5
13396;B0A1B5A0
13389;B0A1B6
13378;B0A1B6A0
13154;B0A2
13138;B0A2A0
13149;B0A2A0A0
13129;B0A2A0A1
13127;B0A2A1
13115;B0A2A2
13113;B0A2A2A0
13183;B0A2A3
13194;B0A2A3A0
13192;B0A2A3A1
13141;B0A2A4
13130;B0A2A4A0
13162;B0A2A5
13171;B0A2A5A0
13166;B0A2A6
13158;B0A2A6A0
13168;B0A2A6A1
13175;B0A2A7
13187;B0A2A7A0
13196;B0A2A7A1
13121;B0A2A8
13110;B0A2A8A0
13133;B0A2A9
15254;B0A3
15287;B0A3A0
15288;B0A3A0A0
15299;B0A3A0A0A0
15298;B0A3A0A0A1
15289;B0A3A0A0A2
15297;B0A3A0A0A3
15234;B0A3A1
15213;B0A3A1A0
15214;B0A3A1A1
15205;B0A3A1A1A0
15206;B0A3A1A1A1
15204;B0A3A1A1A2
15203;B0A3A1A1A3
15259;B0A3A2
15251;B0A3A3
15228;B0A3A4
15229;B0A3A4A0
15219;B0A3A4A0A0
15209;B0A3A4A0A1
15207;B0A3A4A0A2
15227;B0A3A4A0A3
15269;B0A3A5
15274;B0A3A6
15235;B0A3A7
15226;B0A3A7A0
15217;B0A3A7A0A0
15260;B0A3A8
15290;B0A3A9
15286;B0A3B0
15241;B0A3B1
15247;B0A3B2
15238;B0A3B2A0
15239;B0A3B2A0A0
15236;B0A3B2A0A1
15237;B0A3B2A0A2
15248;B0A3B2A0A3
15233;B0A3B3
15240;B0A3B4
15280;B0A3B5
15278;B0A3B6
15250;B0A3B7
15270;B0A3B8
15221;B0A3B9
15212;B0A3B9A0
15215;B0A3B9A0A0
15220;B0A3B9A1
15210;B0A3B9A2
15202;B0A3B9A3
15222;B0A3B9A4
15201;B0A3B9A5
15282;B0A3C0
15291;B0A3C0A0
15293;B0A3C0A1
15292;B0A3C0A2
15285;B0A3C1
15284;B0A3C1A0
15294;B0A3C1A1
15283;B0A3C1A1A0
15296;B0A3C1A2
15295;B0A3C1A3
15276;B0A3C2
15277;B0A3C3
15218;B0A3C4
15208;B0A3C4A0
15249;B0A3C5
15231;B0A3C6
15279;B0A3C7
14454;B0A4
14484;B0A4A0
14403;B0A4A1
14475;B0A4A2
14411;B0A4A3
14405;B0A4A4
14420;B0A4A5
14450;B0A4A6
14461;B0A4A7
14472;B0A4A8
14490;B0A4A8A0
14414;B0A4A9
14441;B0A4B0
14423;B0A4B1
14456;B0A4B2
14498;B0A4B2A0
14426;B0A4B2A1
14407;B0A4B2A1A0
14406;B0A4B2A1A1
14497;B0A4B2A2
14447;B0A4B2A3
14449;B0A4B2A3A0
14421;B0A4B2A3A1
14428;B0A4B2A3A1A0
14477;B0A4B2A4
14496;B0A4B2A4A0
14489;B0A4B2A4A1
14469;B0A4B2A4A2
14492;B0A4B3
14435;B0A4B4
13054;B0A5
13041;B0A5A0
13030;B0A5A0A0
13024;B0A5A1
13087;B0A5A2
13082;B0A5A3
13091;B0A5A3A0
13089;B0A5A3A1
13080;B0A5A3A2
13036;B0A5A4
13016;B0A5A4A0
13017;B0A5A4A0A0
13027;B0A5A5
13078;B0A5A5A0
13096;B0A5A5A1
13057;B0A5A5A2
13049;B0A5A5A2A0
13084;B0A5A5A3
13061;B0A5A5A4
13092;B0A5A5A5
13038;B0A5A5A6
13072;B0A5A5A7
13032;B0A5A6
13021;B0A5A6A0
13012;B0A5A6A1
14254;B0A6
14293;B0A6A0
14224;B0A6A1
14201;B0A6A2
14228;B0A6A3
14235;B0A6A4
14223;B0A6A5
14227;B0A6A6
14207;B0A6A6A0
14208;B0A6A6A1
14216;B0A6A6A2
14229;B0A6A6A3
14238;B0A6A6A4
14215;B0A6A6A5
14272;B0A6A7
14290;B0A6A7A0
14240;B0A6A7A1
14261;B0A6A8
14270;B0A6A8A0
14284;B0A6A9
14232;B0A6B0
14231;B0A6B0A0
14220;B0A6B0A0A0
14221;B0A6B0A0A1
14295;B0A6B1
14241;B0A6B2
14256;B0A6B3
14258;B0A6B3A0
14278;B0A6B3A1
14277;B0A6B3A2
14286;B0A6B3A2A0
14297;B0A6B3A2A1
14289;B0A6B3A2A2
14279;B0A6B3A2A3
14269;B0A6B3A2A4
14299;B0A6B3A2A5
11554;C0A0
11527;C0A0A0
11576;C0A0A1
11507;C0A0A1A0
11597;C0A0A1A1
11578;C0A0A1A2
11596;C0A0A1A3
11588;C0A0A1A4
11594;C0A0A2
11583;C0A0A3
11561;C0A0A4
11517;C0A0A4A0
11595;C0A0A4A1
11550;C0A0A4A2
11551;C0A0A4A3
11560;C0A0A4A4
11531;C0A0A5
11557;C0A0A6
11504;C0A0A7
11592;C0A0A8
11511;C0A0A9
11534;C0A0B0
11536;C0A0B0A0
11538;C0A0B0A0A0
11528;C0A0B0A0A1
11532;C0A0B0A1
11521;C0A0B0A2
11512;C0A0B0A3
11501;C0A0B0A3A0
11503;C0A0B0A3A1
11510;C0A0B0A3A2
11502;C0A0B1
11523;C0A0B1A0
11518;C0A0B1A1
11519;C0A0B1A1A0
11520;C0A0B1A1A1
11522;C0A0B1A2
11508;C0A0B1A3
11514;C0A0B1A4
11506;C0A0B1A4A0
11515;C0A0B1A4A1
11516;C0A0B1A4A2
11524;C0A0B1A5
11509;C0A0B1A6
11513;C0A0B1A6A0
11526;C0A0B1A6A1
11525;C0A0B1A6A2
11541;C0A0B2
11530;C0A0B2A0
11547;C0A0B3
11567;C0A0B4
11569;C0A0B4A0
11559;C0A0B4A1
11054;C0A1
11076;C0A1A0
11097;C0A1A0A0
11085;C0A1A0A1
11095;C0A1A0A1A0
11094;C0A1A0A1A1
11014;C0A1A1
11071;C0A1A2
11082;C0A1A2A0
11080;C0A1A2A1
11091;C0A1A2A2
11025;C0A1A3
11067;C0A1A4
11069;C0A1A4A0
11058;C0A1A5
11052;C0A1A6
11040;C0A1A6A0
11050;C0A1A6A1
11033;C0A1A7
11022;C0A1A7A0
11002;C0A1A7A0A0
11001;C0A1A7A0A1
11083;C0A1A8
11031;C0A1A9
11020;C0A1A9A0
11036;C0A1B0
11018;C0A1B0A0
11037;C0A1B0A1
11029;C0A1B0A2
11017;C0A1B0A3
11045;C0A1B0A4
11016;C0A1B0A4A0
11006;C0A1B0A4A0A0
11038;C0A1B0A5
11057;C0A1B0A5A0
11007;C0A1B0A5A0A0
23554;C0A2
23585;C0A2A0
23542;C0A2A1
23530;C0A2A1A0
23521;C0A2A1A1
23594;C0A2A1A1A0
23551;C0A2A1A2
23581;C0A2A1A2A0
23570;C0A2A1A2A1
23523;C0A2A1A3
23512;C0A2A1A3A0
23583;C0A2A2
23546;C0A2A3
23567;C0A2A3A0
23576;C0A2A3A0A0
23587;C0A2A3A0A1
23569;C0A2A3A0A2
23589;C0A2A3A0A3
23598;C0A2A3A0A4
23518;C0A2A3A1
23525;C0A2A3A2
23539;C0A2A3A3
23506;C0A2A3A4
23529;C0A2A3A5
23556;C0A2A3A6
23517;C0A2A3A7
23549;C0A2A3A8
23534;C0A2A4
11454;C0A3
11474;C0A3A0
11494;C0A3A0A0
11413;C0A3A1
11466;C0A3A2
11477;C0A3A2A0
11457;C0A3A2A1
11467;C0A3A2A2
11479;C0A3A2A2A0
11489;C0A3A2A2A0A0
11469;C0A3A2A2A1
11472;C0A3A3
11481;C0A3A3A0
11414;C0A3A4
11404;C0A3A5
11406;C0A3A6
11403;C0A3A7
11436;C0A3A8
11428;C0A3A8A0
11438;C0A3A8A1
11448;C0A3A8A2
11449;C0A3A8A2A0
11483;C0A3A9
11475;C0A3B0
11486;C0A3B0A0
11497;C0A3B0A0A0
11452;C0A3B1
11450;C0A3B1A0
11461;C0A3B1A1
11470;C0A3B1A1A0
11421;C0A3B2
12254;C0A4
12252;C0A4A0
12232;C0A4A0A0
12273;C0A4A0A1
12250;C0A4A0A2
12261;C0A4A0A3
12270;C0A4A0A3A0
12241;C0A4A0A4
12281;C0A4A0A5
12275;C0A4A1
12296;C0A4A1A0
12269;C0A4A1A1
12288;C0A4A1A2
12297;C0A4A1A3
12256;C0A4A1A4
12248;C0A4A1A4A0
12237;C0A4A1A4A1
12227;C0A4A1A4A2
12279;C0A4A1A5
12212;C0A4A1A6
12298;C0A4A1A7
12295;C0A4A1A8
12233;C0A4A2
12225;C0A4A3
12205;C0A4A3A0
12207;C0A4A3A1
12054;C0A5
12046;C0A5A0
12028;C0A5A0A0
12008;C0A5A0A1
12058;C0A5A0A2
12069;C0A5A0A2A0
12059;C0A5A0A2A1
12039;C0A5A0A3
12089;C0A5A0A4
12079;C0A5A0A5
12017;C0A5A0A6
12049;C0A5A0A7
12007;C0A5A0A8
12086;C0A5A0A9
12026;C0A5A0B0
12015;C0A5A0B0A0
12005;C0A5A0B0A1
12006;C0A5A0B0A2
12036;C0A5A0B1
12035;C0A5A0B2
12087;C0A5A0B3
12075;C0A5A0B4
12065;C0A5A0B5
12061;C0A5A1
12067;C0A5A2
12081;C0A5A3
12023;C0A5A4
12003;C0A5A4A0
12002;C0A5A4A1
12051;C0A5A5
12083;C0A5A6
12032;C0A5A7
12030;C0A5A7A0
12040;C0A5A7A1
12041;C0A5A7A2
12021;C0A5A7A3
12010;C0A5A7A3A0
45054;D0A0
45027;D0A0A0
45019;D0A0A0A0
45015;D0A0A0A1
45009;D0A0A0A2
45018;D0A0A0A2A0
45006;D0A0A0A3
45066;D0A0A1
45058;D0A0A1A0
45057;D0A0A1A1
45059;D0A0A1A1A0
45048;D0A0A1A1A1
45079;D0A0A1A2
45089;D0A0A1A3
45069;D0A0A1A4
45098;D0A0A1A5
45099;D0A0A1A5A0
45076;D0A0A1A6
45096;D0A0A1A6A0
45097;D0A0A1A6A1
45004;D0A0A2
45022;D0A0A2A0
45013;D0A0A2A0A0
45016;D0A0A2A1
45020;D0A0A2A2
45010;D0A0A2A3
45001;D0A0A2A4
45002;D0A0A2A5
45052;D0A0A2A6
45034;D0A0A2A7
45042;D0A0A2A8
45040;D0A0A2A8A0
45050;D0A0A2A8A1
45060;D0A0A2A8A2
45062;D0A0A2A8A2A0
45063;D0A0A2A8A2A1
45061;D0A0A2A8A2A2
45011;D0A0A2A8A3
45083;D0A0A3
45093;D0A0A3A0
45075;D0A0A4
45071;D0A0A5
45080;D0A0A5A0
45090;D0A0A5A1
45091;D0A0A5A2
45085;D0A0A6
45012;D0A0A7
45073;D0A0A8
45072;D0A0A8A0
45094;D0A0A8A1
45082;D0A0A8A2
45038;D0A0A9
45554;D0A1
45529;D0A1A0
45508;D0A1A0A0
45519;D0A1A0A1
45509;D0A1A0A2
45507;D0A1A0A3
45599;D0A1A1
45571;D0A1A2
45597;D0A1A3
45586;D0A1A3A0
45587;D0A1A3A1
45531;D0A1A4
45520;D0A1A4A0
45539;D0A1A5
45540;D0A1A6
45582;D0A1A7
45591;D0A1A7A0
45598;D0A1A8
45514;D0A1A9
45517;D0A1B0
45585;D0A1B1
45583;D0A1B2
45592;D0A1B2A0
45595;D0A1B2A1
45558;D0A1B3
45549;D0A1B4
45548;D0A1B4A0
45513;D0A1B5
45515;D0A1B6
45501;D0A1B7
45516;D0A1B8
45594;D0A1B9
45577;D0A1C0
45502;D0A1C1
45510;D0A1C1A0
45506;D0A1C1A1
45505;D0A1C1A2
45523;D0A1C2
45512;D0A1C2A0
45503;D0A1C2A1
45511;D0A1C3
45504;D0A1C4
45560;D0A1C5
45518;D0A1C6
45521;D0A1C6A0
45567;D0A1C7
45579;D0A1C7A0
46254;D0A2
46280;D0A2A0
46274;D0A2A1
46264;D0A2A2
46276;D0A2A2A0
46275;D0A2A2A1
46267;D0A2A2A2
46257;D0A2A2A2A0
46269;D0A2A2A2A1
46281;D0A2A2A3
46282;D0A2A2A4
46273;D0A2A2A5
46277;D0A2A2A6
46217;D0A2A3
46259;D0A2A4
46247;D0A2A5
46233;D0A2A6
46212;D0A2A6A0
46211;D0A2A6A1
46244;D0A2A7
46201;D0A2A7A0
46268;D0A2A8
46262;D0A2A9
46210;D0A2A9A0
46207;D0A2A9A1
46260;D0A2A9A2
46202;D0A2A9A3
46203;D0A2A9A3A0
46263;D0A2A9A4
46208;D0A2A9A4A0
46265;D0A2A9A4A1
46271;D0A2A9A4A2
46286;D0A2A9A4A3
46253;D0A2A9A4A3A0
46256;D0A2A9A4A3A0A0
46270;D0A2A9A4A3A1
46272;D0A2A9A4A3A1A0
46250;D0A2A9A4A3A2
46242;D0A2A9A4A3A3
46288;D0A2A9A4A3A4
46205;D0A2A9A4A3A5
46261;D0A2A9A4A3A6
46204;D0A2A9A4A4
46235;D0A2A9A4A5
46206;D0A2A9A4A5A0
46252;D0A2A9A4A5A1
46237;D0A2A9A4A6
46251;D0A2A9A5
46266;D0A2A9A6
46278;D0A2B0
46279;D0A2B0A0
46289;D0A2B0A1
46283;D0A2B0A2
46245;D0A2B1
46284;D0A2B2
46236;D0A2B3
46227;D0A2B3A0
46225;D0A2B3A1
46354;D0A3
46373;D0A3A0
46382;D0A3A0A0
46393;D0A3A0A0A0
46391;D0A3A0A0A1
46392;D0A3A0A0A2
46345;D0A3A0A1
46385;D0A3A0A1A0
46396;D0A3A0A1A0A0
46349;D0A3A0A1A1
46371;D0A3A0A1A2
46362;D0A3A0A1A3
46346;D0A3A0A1A4
46342;D0A3A0A1A4A0
46363;D0A3A0A1A5
46395;D0A3A0A2
46301;D0A3A1
46340;D0A3A1A0
46341;D0A3A1A1
46315;D0A3A1A1A0
46314;D0A3A1A1A1
46312;D0A3A1A1A2
46310;D0A3A1A1A3
46355;D0A3A1A1A4
46311;D0A3A1A2
46313;D0A3A1A2A0
46319;D0A3A1A3
46347;D0A3A1A4
46375;D0A3A2
46309;D0A3A3
46324;D0A3A4
46308;D0A3A4A0
46328;D0A3A4A1
46302;D0A3A5
46325;D0A3A6
46306;D0A3A6A0
46323;D0A3A6A1
46326;D0A3A6A2
46303;D0A3A6A3
46316;D0A3A6A3A0
46307;D0A3A6A4
46304;D0A3A7
46338;D0A3A8
46351;D0A3A9
46348;D0A3B0
46305;D0A3B1
46054;D0A4
46072;D0A4A0
46081;D0A4A0A0
46090;D0A4A0A0A0
46003;D0A4A0A0A1
46093;D0A4A1
46077;D0A4A1A0
46069;D0A4A1A0A0
46096;D0A4A1A0A1
46089;D0A4A1A0A2
46079;D0A4A1A0A3
46098;D0A4A1A0A4
46027;D0A4A1A1
46028;D0A4A1A1A0
46039;D0A4A1A1A1
46042;D0A4A1A1A2
46016;D0A4A1A1A3
46010;D0A4A1A1A4
46029;D0A4A1A1A5
46049;D0A4A1A2
46006;D0A4A1A2A0
46012;D0A4A1A2A1
46044;D0A4A1A2A2
46001;D0A4A1A2A2A0
46047;D0A4A1A2A3
46036;D0A4A1A2A4
46009;D0A4A1A2A5
46052;D0A4A1A2A6
46019;D0A4A1A2A7
46085;D0A4A2
46095;D0A4A2A0
46084;D0A4A3
31054;D0A5
31036;D0A5A0
31034;D0A5A1
31067;D0A5A2
31077;D0A5A2A0
31068;D0A5A2A1
31088;D0A5A2A2
31089;D0A5A2A2A0
31098;D0A5A2A2A1
31099;D0A5A2A2A1A0
31097;D0A5A2A2A2
31090;D0A5A2A2A3
31016;D0A5A3
31018;D0A5A4
31005;D0A5A5
31010;D0A5A6
31038;D0A5A7
31012;D0A5A7A0
31091;D0A5A8
31073;D0A5A9
31093;D0A5B0
31023;D0A5B1
31025;D0A5B1A0
31027;D0A5B1A1
31026;D0A5B1A2
31035;D0A5B1A3
31029;D0A5B1A4
31092;D0A5B2
31057;D0A5B3
31046;D0A5B3A0
31081;D0A5B4
31082;D0A5B4A0
31051;D0A5B4A1
31080;D0A5B4A2
31084;D0A5B5
31014;D0A5B6
31052;D0A5B6A0
31058;D0A5B7
31002;D0A5B8
31085;D0A5B9
31096;D0A5B9A0
31094;D0A5B9A1
31024;D0A5B9A1A0
31095;D0A5B9A2
31028;D0A5C0
31019;D0A5C0A0
31017;D0A5C1
31049;D0A5C2
31047;D0A5C2A0
31048;D0A5C2A1
31006;D0A5C3
31004;D0A5C3A0
31022;D0A5C3A1
31007;D0A5C3A2
31032;D0A5C4
31030;D0A5C4A0
31041;D0A5C4A1
31031;D0A5C4A2
31021;D0A5C4A3
31033;D0A5C4A4
31020;D0A5C4A5
31001;D0A5C4A6
31008;D0A5C5
31009;D0A5C5A0
31011;D0A5C5A0A0
31003;D0A5C6
31070;D0A5C7
31015;D0A5C8
30854;D0A6
30831;D0A6A0
30827;D0A6A1
30881;D0A6A2
30840;D0A6A3
30882;D0A6A4
30808;D0A6A5
30809;D0A6A6
30801;D0A6A7
30857;D0A6A8
30802;D0A6A9
30867;D0A6B0
30807;D0A6B1
30810;D0A6B2
30811;D0A6B3
30805;D0A6B4
30825;D0A6B5
30812;D0A6B6
30813;D0A6B7
30896;D0A6B8
30887;D0A6B9
30888;D0A6B9A0
30814;D0A6B9A1
30806;D0A6C0
30885;D0A6C1
30884;D0A6C2
30803;D0A6C3
30860;D0A6C4
30815;D0A6C5
30804;D0A6C6
24254;D0A7
24286;D0A7A0
24252;D0A7A1
24270;D0A7A1A0
24260;D0A7A1A1
24237;D0A7A1A2
24231;D0A7A1A3
24273;D0A7A1A3A0
24284;D0A7A1A3A0A0
24220;D0A7A1A3A1
24232;D0A7A1A3A2
24211;D0A7A1A3A3
24210;D0A7A1A3A4
24240;D0A7A1A4
24223;D0A7A1A5
24203;D0A7A1A5A0
24280;D0A7A1A6
24293;D0A7A2
24276;D0A7A3
24277;D0A7A4
24289;D0A7A4A0
24246;D0A7A5
24234;D0A7A5A0
24216;D0A7A5A1
24259;D0A7A5A2
24217;D0A7A5A3
24268;D0A7A5A4
24218;D0A7A5A4A0
24209;D0A7A5A4A0A0
24229;D0A7A5A5
24256;D0A7A5A6
24267;D0A7A5A6A0
24266;D0A7A5A6A1
24245;D0A7A5A6A2
31654;E0A0
31667;E0A0A0
31676;E0A0A1
31684;E0A0A1A0
31686;E0A0A1A1
31696;E0A0A1A1A0
31685;E0A0A1A1A1
31695;E0A0A1A1A2
31606;E0A0A2
31608;E0A0A3
31652;E0A0A4
31660;E0A0A4A0
31641;E0A0A4A1
31663;E0A0A4A2
31650;E0A0A4A3
31662;E0A0A4A4
31672;E0A0A4A4A0
31632;E0A0A4A5
31601;E0A0A4A5A0
31620;E0A0A4A5A1
31634;E0A0A4A5A2
31622;E0A0A4A5A3
31688;E0A0A5
31698;E0A0A5A0
31697;E0A0A5A1
31624;E0A0A6
31635;E0A0A6A0
31625;E0A0A6A1
31604;E0A0A6A2
31603;E0A0A6A3
31633;E0A0A6A4
31605;E0A0A6A5
31613;E0A0A6A6
31637;E0A0A7
31629;E0A0A7A0
31618;E0A0A7A1
31664;E0A0A8
31648;E0A0A9
31754;E0A1
31752;E0A1A0
31742;E0A1A0A0
31740;E0A1A0A1
31760;E0A1A0A2
31747;E0A1A1
31768;E0A1A1A0
31726;E0A1A1A1
31715;E0A1A1A1A0
31717;E0A1A1A2
31706;E0A1A1A2A0
31708;E0A1A1A2A1
31709;E0A1A1A2A1A0
31759;E0A1A1A3
31769;E0A1A1A3A0
31738;E0A1A1A4
31729;E0A1A1A4A0
31728;E0A1A1A4A1
31736;E0A1A1A5
31702;E0A1A2
31776;E0A1A3
31734;E0A1A4
31721;E0A1A4A0
31711;E0A1A4A0A0
31703;E0A1A4A0A1
31743;E0A1A4A1
31731;E0A1A4A2
31771;E0A1A5
31770;E0A1A5A0
31793;E0A1A6
31784;E0A1A7
31795;E0A1A8
31701;E0A1A9
31354;E0A2
31383;E0A2A0
31392;E0A2A0A0
31350;E0A2A1
31333;E0A2A2
31303;E0A2A2A0
31315;E0A2A2A1
31320;E0A2A2A2
31325;E0A2A2A3
31302;E0A2A2A4
31304;E0A2A2A5
31331;E0A2A2A6
31301;E0A2A2A7
31310;E0A2A2A8
31374;E0A2A3
31394;E0A2A3A0
31361;E0A2A4
31360;E0A2A4A0
31371;E0A2A5
31380;E0A2A5A0
31854;E0A3
31856;E0A3A0
31894;E0A3A1
31873;E0A3A2
31895;E0A3A3
31845;E0A3A4
31836;E0A3A4A0
31837;E0A3A4A1
31834;E0A3A4A2
31844;E0A3A4A3
31861;E0A3A5
31863;E0A3A6
31875;E0A3A7
31814;E0A3A7A0
31867;E0A3A8
31866;E0A3A8A0
31869;E0A3A8A1
31879;E0A3A8A2
31886;E0A3A8A3
31876;E0A3A8A4
31888;E0A3A8A5
31898;E0A3A8A5A0
31889;E0A3A8A5A1
31899;E0A3A8A5A2
31887;E0A3A8A6
31862;E0A3A8A7
31818;E0A3A9
31840;E0A3B0
31842;E0A3B1
31850;E0A3B2
31822;E0A3B3
31827;E0A3B4
31809;E0A3B4A0
31807;E0A3B4A1
31808;E0A3B4A2
31847;E0A3B4A3
31859;E0A3B4A3A0
31839;E0A3B4A3A1
31828;E0A3B4A4
31819;E0A3B4A4A0
31872;E0A3B5
31891;E0A3B5A0
31892;E0A3B5A1
31880;E0A3B5A2
31883;E0A3B5A3
31870;E0A3B5A4
31893;E0A3B5A5
31890;E0A3B5A6
31833;E0A3B6
31832;E0A3B6A0
31812;E0A3B6A1
31801;E0A3B6A1A0
31821;E0A3B6A1A1
31803;E0A3B6A1A2
31802;E0A3B6A1A3
31811;E0A3B6A2
31816;E0A3B6A3
31804;E0A3B6A4
31810;E0A3B6A5
31835;E0A3B6A6
31826;E0A3B6A7
31813;E0A3B6A8
31820;E0A3B6A9
31831;E0A3B6A9A0
31817;E0A3B6B0
31805;E0A3B6B1
31806;E0A3B6B1A0
31815;E0A3B7
21054;F0A0
21059;F0A0A0
21001;F0A0A0A0
21002;F0A0A0A1
21003;F0A0A0A2
21005;F0A0A0A2A0
21016;F0A0A0A2A0A0
21004;F0A0A0A3
21006;F0A0A0A4
21007;F0A0A0A5
21009;F0A0A0A6
21062;F0A0A1
21084;F0A0A2
21083;F0A0A2A0
21012;F0A0A3
21010;F0A0A3A0
21013;F0A0A3A1
21014;F0A0A3A2
21056;F0A0A4
21049;F0A0A4A0
21058;F0A0A4A1
21069;F0A0A4A1A0
21015;F0A0A4A2
21017;F0A0A4A3
21078;F0A0A4A4
21086;F0A0A4A5
21088;F0A0A4A6
21089;F0A0A4A6A0
21099;F0A0A4A6A1
21026;F0A0A4A7
21085;F0A0A4A8
21075;F0A0A4A9
21097;F0A0A4B0
21029;F0A0A4B1
21008;F0A0A4B2
21039;F0A0A4B3
21019;F0A0A4B4
21021;F0A0A5
21052;F0A0A6
21032;F0A0A6A0
21023;F0A0A6A0A0
21011;F0A0A6A0A1
21081;F0A0A6A1
21020;F0A0A6A2
21092;F0A0A6A3
21060;F0A0A6A4
21022;F0A0A7
21025;F0A0A7A0
21027;F0A0A8
21028;F0A0A8A0
21030;F0A0A8A0A0
21031;F0A0A8A1
21033;F0A0A8A2
21034;F0A0A8A3
21036;F0A0A8A4
21037;F0A0A8A5
21038;F0A0A8A6
21018;F0A0A9
21040;F0A0B0
21024;F0A0B1
21041;F0A0B2
21042;F0A0B2A0
21043;F0A0B2A0A0
21044;F0A0B2A0A1
21045;F0A0B2A0A2
21046;F0A0B3
21047;F0A0B3A0
21048;F0A0B3A1
21050;F0A0B3A2
21051;F0A0B3A3
21053;F0A0B4
21055;F0A0B4A0
21057;F0A0B4A1
12554;F0A1
12534;F0A1A0
12516;F0A1A0A0
12512;F0A1A0A1
12513;F0A1A0A1A0
12523;F0A1A0A2
12503;F0A1A0A2A0
12514;F0A1A0A2A1
12504;F0A1A0A2A1A0
12505;F0A1A0A3
12578;F0A1A1
12589;F0A1A1A0
12585;F0A1A2
12522;F0A1A3
12511;F0A1A3A0
12524;F0A1A3A1
12515;F0A1A3A2
12518;F0A1A4
12509;F0A1A4A0
12576;F0A1A5
12573;F0A1A5A0
12556;F0A1A6
12502;F0A1A6A0
12598;F0A1A7
12548;F0A1A8
12545;F0A1A8A0
12584;F0A1A9
12532;F0A1B0
12510;F0A1B0A0
12530;F0A1B0A1
12520;F0A1B0A2
12541;F0A1B0A2A0
12540;F0A1B0A2A0A0
12587;F0A1B1
12562;F0A1B2
12582;F0A1B2A0
12591;F0A1B2A0A0
12592;F0A1B2A0A1
12593;F0A1B2A0A2
12594;F0A1B2A0A3
12570;F0A1B2A1
12521;F0A1B2A2
12550;F0A1B2A3
12580;F0A1B2A4
12560;F0A1B2A5
12547;F0A1B3
12539;F0A1B3A0
12549;F0A1B3A1
12538;F0A1B3A2
12529;F0A1B3A2A0
12558;F0A1B3A3
12569;F0A1B3A3A0
12526;F0A1B4
21354;F0A2
21347;F0A2A0
21368;F0A2A0A0
21387;F0A2A0A0A0
21389;F0A2A0A0A1
21317;F0A2A0A1
21329;F0A2A0A2
21319;F0A2A0A2A0
21349;F0A2A0A3
21336;F0A2A1
21385;F0A2A2
21376;F0A2A3
21352;F0A2A4
21340;F0A2A4A0
21312;F0A2A4A1
21381;F0A2A4A2
21333;F0A2A4A3
21320;F0A2A4A4
21360;F0A2A4A5
21383;F0A2A4A6
21325;F0A2A5
21554;G0A0
21558;G0A0A0
21532;G0A0A1
21530;G0A0A1A0
21520;G0A0A1A1
21512;G0A0A1A2
21501;G0A0A1A3
21510;G0A0A1A4
21511;G0A0A1A4A0
21538;G0A0A2
21539;G0A0A2A0
21551;G0A0A3
21540;G0A0A3A0
21575;G0A0A4
21573;G0A0A5
21592;G0A0A5A0
21580;G0A0A5A1
21591;G0A0A5A2
21593;G0A0A5A3
21585;G0A0A5A4
21595;G0A0A5A5
21594;G0A0A5A6
21515;G0A0A6
21517;G0A0A7
21542;G0A0A8
21524;G0A0A9
21503;G0A0A9A0
21504;G0A0A9A1
21527;G0A0B0
21505;G0A0B1
21543;G0A0B2
21560;G0A0B2A0
21523;G0A0B3
21528;G0A0B4
21519;G0A0B4A0
21529;G0A0B4A1
21508;G0A0B4A2
21516;G0A0B5
21570;G0A0B6
21568;G0A0B6A0
21569;G0A0B6A1
21574;G0A0B6A2
21547;G0A0B6A2A0
21546;G0A0B6A2A1
21581;G0A0B6A2A2
21572;G0A0B6A3
21576;G0A0B7
21549;G0A0B8
21567;G0A0B9
21577;G0A0C0
21598;G0A0C0A0
21599;G0A0C0A1
21589;G0A0C0A2
21597;G0A0C0A3
21578;G0A0C0A4
21579;G0A0C0A4A0
21854;G0A1
21867;G0A1A0
21869;G0A1A0A0
21889;G0A1A0A1
21879;G0A1A0A2
21859;G0A1A0A3
21801;G0A1A0A4
21871;G0A1A1
21828;G0A1A2
21821;G0A1A3
21815;G0A1A4
21817;G0A1A5
21888;G0A1A6
21882;G0A1A7
21860;G0A1A8
21884;G0A1A9
21893;G0A1A9A0
21895;G0A1A9A1
21838;G0A1B0
21842;G0A1B1
21850;G0A1B1A0
21831;G0A1B1A1
21823;G0A1B2
21803;G0A1B2A0
21812;G0A1B2A1
21802;G0A1B2A2
21814;G0A1B2A3
21804;G0A1B2A4
21886;G0A1B3
21754;G0A2
21752;G0A2A0
21762;G0A2A1
21742;G0A2A2
21730;G0A2A2A0
21711;G0A2A2A1
21701;G0A2A2A1A0
21712;G0A2A2A2
21733;G0A2A2A3
21723;G0A2A2A3A0
21713;G0A2A2A3A0A0
21710;G0A2A2A4
21740;G0A2A2A5
21757;G0A2A3
21759;G0A2A3A0
21779;G0A2A3A1
21766;G0A2A4
21775;G0A2A5
21796;G0A2A5A0
21794;G0A2A5A1
21798;G0A2A5A2
21788;G0A2A5A3
21783;G0A2A5A4
21771;G0A2A5A4A0
21780;G0A2A5A4A0A0
21792;G0A2A5A4A1
21781;G0A2A5A4A2
21736;G0A2A6
21749;G0A2A6A0
21708;G0A2A6A1
21728;G0A2A6A2
21719;G0A2A6A2A0
21739;G0A2A6A3
21707;G0A2A6A4
22854;G0A3
22881;G0A3A0
22890;G0A3A0A0
22821;G0A3A1
22830;G0A3A1A0
22892;G0A3A2
22833;G0A3A3
22871;G0A3A4
22852;G0A3A5
22861;G0A3A5A0
22860;G0A3A5A0A0
22810;G0A3A5A1
22850;G0A3A5A2
22851;G0A3A5A3
22803;G0A3A5A4
22801;G0A3A5A5
22842;G0A3A5A6
22811;G0A3A5A7
22834;G0A3A6
22823;G0A3A6A0
22812;G0A3A6A0A0
22802;G0A3A6A0A1
22825;G0A3A6A1
22806;G0A3A6A1A0
22816;G0A3A6A1A1
22805;G0A3A6A1A2
22841;G0A3A7
22846;G0A3A8
22808;G0A3A9
22884;G0A3B0
22867;G0A3B1
22839;G0A3B1A0
22849;G0A3B1A1
22879;G0A3B1A2
22885;G0A3B1A3
22895;G0A3B1A3A0
22898;G0A3B1A4
22899;G0A3B1A5
22889;G0A3B1A6
22897;G0A3B1A7
22828;G0A3B1A8
22818;G0A3B1A8A0
22819;G0A3B1A8A1
22827;G0A3B1A9
22869;G0A3B1B0
22896;G0A3B1B1
22859;G0A3B1B2
22856;G0A3B2
22865;G0A3B3
22866;G0A3B4
22820;G0A3B5
21654;G0A4
21627;G0A4A0
21625;G0A4A1
21617;G0A4A1A0
21605;G0A4A1A1
21607;G0A4A1A2
21606;G0A4A1A3
21674;G0A4A2
21680;G0A4A2A0
21692;G0A4A2A1
21698;G0A4A2A2
21670;G0A4A2A3
21695;G0A4A2A4
21693;G0A4A2A5
21694;G0A4A2A6
21696;G0A4A2A7
21691;G0A4A2A8
21667;G0A4A3
21669;G0A4A3A0
21678;G0A4A3A1
21651;G0A4A4
21650;G0A4A4A0
21634;G0A4A5
21622;G0A4A6
21613;G0A4A6A0
21603;G0A4A6A1
21611;G0A4A6A2
21601;G0A4A6A2A0
21638;G0A4A7
21629;G0A4A7A0
21676;G0A4A8
21697;G0A4A8A0
21662;G0A4A8A1
21631;G0A4A9
21620;G0A4A9A0
23054;G0A5
23083;G0A5A0
23086;G0A5A0A0
23082;G0A5A0A1
23094;G0A5A0A2
23093;G0A5A0A3
23084;G0A5A0A4
23048;G0A5A1
23059;G0A5A1A0
23058;G0A5A1A1
23049;G0A5A1A2
23070;G0A5A1A3
23029;G0A5A1A4
23039;G0A5A1A5
23080;G0A5A1A6
23062;G0A5A2
23090;G0A5A2A0
23081;G0A5A2A0A0
23060;G0A5A2A1
23071;G0A5A2A2
23091;G0A5A2A2A0
23074;G0A5A2A3
23035;G0A5A3
23028;G0A5A3A0
23023;G0A5A3A1
23002;G0A5A3A1A0
23026;G0A5A3A2
23014;G0A5A3A2A0
23004;G0A5A3A2A0A0
23016;G0A5A3A2A0A1
23017;G0A5A3A2A0A2
23013;G0A5A3A2A0A3
23025;G0A5A3A2A0A4
23015;G0A5A3A2A0A5
23008;G0A5A3A2A1
23005;G0A5A3A2A2
23009;G0A5A3A2A3
23006;G0A5A3A2A4
23037;G0A5A3A3
23021;G0A5A4
23092;G0A5A4A0
23012;G0A5A4A1
23031;G0A5A4A2
23011;G0A5A4A3
23010;G0A5A4A4
23001;G0A5A4A4A0
23007;G0A5A4A5
23064;G0A5A5
23044;G0A5A6
23042;G0A5A7
23040;G0A5A7A0
23052;G0A5A7A1
23051;G0A5A7A2
23053;G0A5A7A3
23003;G0A5A7A4
23030;G0A5A7A5
23076;G0A5A8
23097;G0A5A8A0
23096;G0A5A8A1
23095;G0A5A8A2
23078;G0A5A8A3
23079;G0A5A8A3A0
23069;G0A5A8A3A1
23075;G0A5A8A4
23067;G0A5A8A5
23085;G0A5A8A6
23098;G0A5A8A7
23088;G0A5A8A8
23089;G0A5A8A8A0
23099;G0A5A8A8A1
22354;H0A0
22312;H0A0A0
22313;H0A0A0A0
22314;H0A0A0A1
22374;H0A0A1
22395;H0A0A1A0
22396;H0A0A1A1
22387;H0A0A1A2
22398;H0A0A1A2A0
22397;H0A0A1A3
22392;H0A0A1A4
22329;H0A0A2
22348;H0A0A3
22334;H0A0A4
22331;H0A0A4A0
22304;H0A0A4A1
22311;H0A0A4A2
22301;H0A0A4A3
22306;H0A0A4A4
22320;H0A0A4A5
22305;H0A0A4A6
22335;H0A0A4A7
22315;H0A0A4A8
22303;H0A0A4A9
22361;H0A0A5
22371;H0A0A6
22357;H0A0A7
22378;H0A0A7A0
22359;H0A0A7A1
22369;H0A0A7A2
22379;H0A0A7A3
22307;H0A0A8
22339;H0A0A9
22454;H0A1
22493;H0A1A0
22411;H0A1A1
22437;H0A1A1A0
22429;H0A1A1A0A0
22448;H0A1A1A0A1
22439;H0A1A1A0A2
22490;H0A1A1A1
22418;H0A1A1A1A0
22409;H0A1A1A1A1
22420;H0A1A1A2
22421;H0A1A1A2A0
22422;H0A1A1A2A1
22424;H0A1A1A2A1A0
22425;H0A1A1A2A1A1
22434;H0A1A1A3
22494;H0A1A2
22498;H0A1A3
22499;H0A1A4
22486;H0A1A5
22435;H0A1A6
22415;H0A1A6A0
22404;H0A1A6A1
22408;H0A1A6A1A0
22416;H0A1A6A2
22406;H0A1A6A2A0
22405;H0A1A6A2A1
22417;H0A1A6A3
22478;H0A1A7
22477;H0A1A7A0
22467;H0A1A7A0A0
22468;H0A1A7A0A1
22485;H0A1A8
22442;H0A1A9
22481;H0A1A9A0
22440;H0A1A9A1
22450;H0A1A9A2
22472;H0A1A9A3
22480;H0A1A9A3A0
22412;H0A1A9A4
22403;H0A1A9A4A0
22401;H0A1A9A4A1
22402;H0A1A9A4A2
22430;H0A1A9A5
22460;H0A1A9A6
22423;H0A1A9A7
22410;H0A1A9A8
22441;H0A1B0
22254;H0A2
22214;H0A2A0
22223;H0A2A1
22212;H0A2A1A0
22274;H0A2A2
22294;H0A2A2A0
22293;H0A2A2A1
22286;H0A2A2A2
22297;H0A2A2A2A0
22283;H0A2A2A3
22273;H0A2A2A4
22257;H0A2A3
22252;H0A2A4
22217;H0A2A5
22250;H0A2A6
22202;H0A2A6A0
22211;H0A2A6A1
22215;H0A2A6A1A0
22213;H0A2A6A1A1
22209;H0A2A6A1A2
22210;H0A2A6A1A3
22216;H0A2A6A1A4
22248;H0A2A7
22270;H0A2A8
22241;H0A2A9
22279;H0A2B0
22269;H0A2B1
22259;H0A2B2
22232;H0A2B3
22230;H0A2B3A0
22237;H0A2B4
22225;H0A2B5
22206;H0A2B5A0
22295;H0A2B6
22275;H0A2B6A0
22201;H0A2B6A1
22265;H0A2B6A1A0
22203;H0A2B6A1A1
22276;H0A2B6A1A2
22204;H0A2B6A1A3
22278;H0A2B7
22054;H0A3
22097;H0A3A0
22024;H0A3A1
22026;H0A3A1A0
22005;H0A3A1A1
22016;H0A3A1A2
22095;H0A3A2
22028;H0A3A3
22002;H0A3A4
22042;H0A3A4A0
22050;H0A3A5
22013;H0A3A6
22067;H0A3A7
22069;H0A3A7A0
22078;H0A3A7A1
22048;H0A3A7A2
22022;H0A3A8
22010;H0A3A8A0
22001;H0A3A8A1
22076;H0A3A9
22087;H0A3A9A0
22062;H0A3B0
22070;H0A3B0A0
22093;H0A3B0A1
22082;H0A3B0A2
24454;J0A0
24422;J0A0A0
24472;J0A0A1
24447;J0A0A2
24457;J0A0A3
24427;J0A0A4
24439;J0A0A4A0
24429;J0A0A4A1
24461;J0A0A5
24470;J0A0A5A0
24485;J0A0A6
24487;J0A0A7
24431;J0A0A8
24420;J0A0A8A0
24491;J0A0A9
24424;J0A0A9A0
24425;J0A0A9A1
24413;J0A0A9A1A0
24404;J0A0A9A1A1
24406;J0A0A9A1A2
24407;J0A0A9A1A3
24451;J0A0B0
24489;J0A0B1
24478;J0A0B1A0
24469;J0A0B1A0A0
24354;J0A1
24335;J0A1A0
24331;J0A1A0A0
24336;J0A1A0A1
24328;J0A1A0A1A0
24338;J0A1A0A1A1
24327;J0A1A0A1A2
24329;J0A1A0A1A3
24319;J0A1A0A1A4
24323;J0A1A0A2
24326;J0A1A0A3
24306;J0A1A0A3A0
24317;J0A1A0A3A1
24307;J0A1A0A3A1A0
24308;J0A1A0A3A1A1
24332;J0A1A0A4
24322;J0A1A0A4A0
24391;J0A1A1
24346;J0A1A2
24392;J0A1A3
24387;J0A1A4
24398;J0A1A4A0
24374;J0A1A5
24340;J0A1A6
24396;J0A1A7
24351;J0A1A8
24314;J0A1A9
24360;J0A1B0
24386;J0A1B1
24356;J0A1B2
24348;J0A1B2A0
24358;J0A1B2A1
24369;J0A1B2A1A0
23654;J0A2
23641;J0A2A0
23613;J0A2A1
23624;J0A2A2
23646;J0A2A3
23657;J0A2A3A0
23637;J0A2A3A1
23617;J0A2A3A1A0
23607;J0A2A3A1A0A0
23658;J0A2A3A1A1
23649;J0A2A3A1A2
23606;J0A2A3A1A3
23605;J0A2A3A1A4
23629;J0A2A3A1A5
23609;J0A2A3A1A6
23608;J0A2A3A1A7
23615;J0A2A3A1A8
23619;J0A2A3A1A9
23622;J0A2A4
23601;J0A2A4A0
23602;J0A2A4A1
23610;J0A2A4A2
23630;J0A2A4A3
23651;J0A2A5
23662;J0A2A6
23661;J0A2A6A0
23660;J0A2A6A0A0
23670;J0A2A6A0A1
23650;J0A2A6A0A2
23681;J0A2A6A1
23690;J0A2A6A1A0
23680;J0A2A6A1A1
23673;J0A2A6A2
23652;J0A2A6A3
23692;J0A2A7
23684;J0A2A8
23694;J0A2A8A0
23635;J0A2A9
23675;J0A2B0
23677;J0A2B1
23679;J0A2B1A0
23697;J0A2B1A1
23698;J0A2B1A2
23689;J0A2B1A3
23696;J0A2B1A4
23663;J0A2B2
23642;J0A2B3
32154;K0A0
32130;K0A0A0
32139;K0A0A0A0
32150;K0A0A1
32135;K0A0A2
32107;K0A0A2A0
32136;K0A0A2A1
32102;K0A0A3
32131;K0A0A4
32140;K0A0A5
32120;K0A0A6
32103;K0A0A7
32110;K0A0A8
32142;K0A0A9
32145;K0A0B0
32654;K0A1
32626;K0A1A0
32618;K0A1A0A0
32605;K0A1A0A1
32607;K0A1A0A2
32663;K0A1A1
32682;K0A1A1A0
32680;K0A1A1A0A0
32692;K0A1A1A0A1
32691;K0A1A1A0A2
32646;K0A1A1A1
32667;K0A1A1A2
32669;K0A1A1A2A0
32679;K0A1A1A2A1
32689;K0A1A1A2A2
32697;K0A1A1A2A3
32696;K0A1A1A2A4
32688;K0A1A1A2A5
32684;K0A1A1A3
32695;K0A1A1A3A0
32694;K0A1A1A3A1
32673;K0A1A1A4
32608;K0A1A1A5
32632;K0A1A2
32652;K0A1A3
32650;K0A1A3A0
32623;K0A1A4
32603;K0A1A4A0
32611;K0A1A4A1
32601;K0A1A4A1A0
32602;K0A1A5
32054;K0A2
32098;K0A2A0
32014;K0A2A1
32043;K0A2A2
32068;K0A2A3
32047;K0A2A4
32095;K0A2A5
32024;K0A2A6
32037;K0A2A7
32097;K0A2A8
32096;K0A2A9
32006;K0A2B0
32079;K0A2B1
32094;K0A2B2
32074;K0A2B3
32012;K0A2B4
32062;K0A2B5
32070;K0A2B5A0
32008;K0A2B6
32004;K0A2B7
32072;K0A2B8
32025;K0A2B9
32091;K0A2B9A0
32015;K0A2B9A1
32016;K0A2B9A1A0
32023;K0A2B9A2
32005;K0A2B9A3
32089;K0A2C0
31454;K0A3
31470;K0A3A0
31475;K0A3A1
31456;K0A3A2
31468;K0A3A2A0
31459;K0A3A3
31448;K0A3A4
31436;K0A3A5
31438;K0A3A5A0
31427;K0A3A5A1
31408;K0A3A5A1A0
31429;K0A3A5A1A1
31482;K0A3A6
31449;K0A3A7
31437;K0A3A8
31418;K0A3A9
31407;K0A3B0
31486;K0A3B1
31478;K0A3B1A0
31428;K0A3B1A1
31458;K0A3B1A2
31469;K0A3B1A2A0
31467;K0A3B1A2A1
31439;K0A3B1A3
33054;K0A4
33052;K0A4A0
33071;K0A4A0A0
33043;K0A4A0A1
33030;K0A4A0A2
33040;K0A4A0A3
33060;K0A4A0A4
33010;K0A4A0A4A0
33031;K0A4A0A5
33086;K0A4A1
33097;K0A4A1A0
33096;K0A4A1A1
33035;K0A4A2
33001;K0A4A3
33083;K0A4A3A0
33002;K0A4A3A1
33003;K0A4A3A2
33092;K0A4A4
33082;K0A4A4A0
33012;K0A4A5
33074;K0A4A6
33091;K0A4A7
33072;K0A4A8
33020;K0A4A9
33024;K0A4B0
33047;K0A4B1
33049;K0A4B1A0
33039;K0A4B1A1
33028;K0A4B1A2
33029;K0A4B1A2A0
33019;K0A4B1A2A1
33004;K0A4B2
33036;K0A4B3
33016;K0A4B3A0
33006;K0A4B3A0A0
33070;K0A4B4
35054;K0A5
35052;K0A5A0
35050;K0A5A0A0
35082;K0A5A0A1
35093;K0A5A1
35041;K0A5A2
35084;K0A5A3
35035;K0A5A4
35005;K0A5A4A0
35009;K0A5A4A1
35028;K0A5A4A2
35029;K0A5A4A2A0
35019;K0A5A4A2A1
35017;K0A5A4A2A1A0
35013;K0A5A4A3
35049;K0A5A4A4
35047;K0A5A4A5
35004;K0A5A4A6
35007;K0A5A4A7
35011;K0A5A4A8
35008;K0A5A4A9
35006;K0A5A4B0
35023;K0A5A4B1
35015;K0A5A4B2
35018;K0A5A4B3
35002;K0A5A4B4
35014;K0A5A4B5
35032;K0A5A5
35012;K0A5A5A0
35003;K0A5A5A0A0
35021;K0A5A5A1
35010;K0A5A5A1A0
35030;K0A5A5A2
35071;K0A5A6
35091;K0A5A6A0
35056;K0A5A7
41054;L0A0
41079;L0A0A0
41036;L0A0A1
41028;L0A0A1A0
41045;L0A0A1A0A0
41058;L0A0A1A0A1
41064;L0A0A1A0A2
41006;L0A0A1A0A3
41019;L0A0A1A0A4
41066;L0A0A1A0A5
41016;L0A0A1A0A6
41049;L0A0A1A1
41068;L0A0A1A2
41008;L0A0A1A2A0
41069;L0A0A1A2A1
41035;L0A0A1A3
41039;L0A0A1A4
41015;L0A0A1A5
41037;L0A0A1A6
41062;L0A0A2
41091;L0A0A2A0
41070;L0A0A2A1
41023;L0A0A2A2
41096;L0A0A2A2A0
41011;L0A0A2A2A1
41012;L0A0A2A2A2
41009;L0A0A2A2A3
41095;L0A0A2A2A4
41007;L0A0A2A2A5
41003;L0A0A2A2A6
41002;L0A0A2A2A7
41010;L0A0A2A2A8
41040;L0A0A2A3
41090;L0A0A2A3A0
41092;L0A0A2A3A1
41083;L0A0A2A3A2
41031;L0A0A2A4
41080;L0A0A2A5
41050;L0A0A2A6
41075;L0A0A2A7
41084;L0A0A2A7A0
41094;L0A0A2A7A0A0
41014;L0A0A2A7A1
41097;L0A0A2A7A2
41087;L0A0A2A7A3
41020;L0A0A3
41077;L0A0A4
34554;L0A1
34573;L0A1A0
34584;L0A1A0A0
34561;L0A1A0A1
34590;L0A1A0A1A0
34581;L0A1A0A1A1
34580;L0A1A0A1A1A0
34560;L0A1A0A1A2
34582;L0A1A0A2
34592;L0A1A0A2A0
34572;L0A1A0A2A1
34593;L0A1A0A3
34574;L0A1A1
34566;L0A1A2
34589;L0A1A2A0
34575;L0A1A2A1
34569;L0A1A2A2
34529;L0A1A2A3
34519;L0A1A2A4
34539;L0A1A2A5
34588;L0A1A2A6
34559;L0A1A2A7
34587;L0A1A2A8
34549;L0A1A2A9
34597;L0A1A2B0
34598;L0A1A2B0A0
34507;L0A1A2B1
34520;L0A1A2B1A0
34530;L0A1A2B1A1
34501;L0A1A2B1A2
34568;L0A1A2B2
34502;L0A1A2B3
34517;L0A1A2B3A0
34536;L0A1A2B3A1
34525;L0A1A2B3A2
34504;L0A1A2B3A2A0
34505;L0A1A2B3A2A1
34516;L0A1A2B3A2A2
34506;L0A1A2B3A2A3
34513;L0A1A2B3A2A4
34533;L0A1A2B3A3
34534;L0A1A2B3A4
34503;L0A1A2B3A4A0
34254;L0A2
34236;L0A2A0
34218;L0A2A0A0
34216;L0A2A0A1
34205;L0A2A0A1A0
34225;L0A2A0A2
34240;L0A2A1
34260;L0A2A1A0
34285;L0A2A2
34256;L0A2A2A0
34239;L0A2A2A0A0
34258;L0A2A2A0A1
34273;L0A2A2A1
34292;L0A2A2A1A0
34287;L0A2A3
34271;L0A2A4
34232;L0A2A5
34211;L0A2A5A0
34054;L0A3
34024;L0A3A0
34025;L0A3A0A0
34003;L0A3A0A1
34022;L0A3A0A2
34016;L0A3A0A3
34002;L0A3A0A4
34005;L0A3A0A5
34056;L0A3A1
34078;L0A3A1A0
34088;L0A3A1A1
34038;L0A3A1A2
34018;L0A3A1A2A0
34058;L0A3A1A3
34076;L0A3A2
34052;L0A3A3
34093;L0A3A3A0
34053;L0A3A3A1
34060;L0A3A3A1A0
34040;L0A3A3A1A1
34030;L0A3A3A1A1A0
34072;L0A3A3A1A2
34092;L0A3A3A1A2A0
34031;L0A3A3A1A3
34071;L0A3A3A2
34091;L0A3A3A2A0
34057;L0A3A3A3
34059;L0A3A3A3A0
34073;L0A3A3A3A1
34074;L0A3A4
34037;L0A3A5
34026;L0A3A5A0
34027;L0A3A5A1
34085;L0A3A6
42154;L0A4
42184;L0A4A0
42158;L0A4A1
42159;L0A4A1A0
42101;L0A4A2
42103;L0A4A2A0
42108;L0A4A2A1
42106;L0A4A2A2
42105;L0A4A2A3
42102;L0A4A2A4
42109;L0A4A2A5
42110;L0A4A2A6
42104;L0A4A2A7
42107;L0A4A2A8
42116;L0A4A2A9
42137;L0A4A3
42178;L0A4A4
42133;L0A4A5
42151;L0A4A5A0
42121;L0A4A5A1
42171;L0A4A6
42186;L0A4A7
42054;L0A5
42097;L0A5A0
42007;L0A5A1
42077;L0A5A2
42074;L0A5A3
42069;L0A5A4
42032;L0A5A5
42034;L0A5A5A0
42050;L0A5A5A1
42060;L0A5A5A1A0
42061;L0A5A5A1A1
42001;L0A5A5A2
42052;L0A5A5A3
42062;L0A5A5A3A0
42020;L0A5A5A4
42040;L0A5A5A5
42030;L0A5A5A6
42087;L0A5A6
42093;L0A5A7
42086;L0A5A7A0
42083;L0A5A7A1
42084;L0A5A7A2
42091;L0A5A7A3
42006;L0A5A8
42008;L0A5A9
42009;L0A5A9A0
42056;L0A5B0
42081;L0A5B0A0
42078;L0A5B0A1
42080;L0A5B0A2
42082;L0A5B0A3
42076;L0A5B0A4
42079;L0A5B0A5
42075;L0A5B0A6
42057;L0A5B1
42059;L0A5B1A0
42027;L0A5B2
42024;L0A5B3
42025;L0A5B3A0
42002;L0A5B3A0A0
42005;L0A5B3A0A0A0
42021;L0A5B3A1
42022;L0A5B3A2
42003;L0A5B3A3
42004;L0A5B3A4
42095;L0A5B4
42096;L0A5B4A0
44054;M0A0
44052;M0A0A0
44026;M0A0A1
44006;M0A0A1A0
44028;M0A0A1A1
44007;M0A0A1A2
44008;M0A0A1A3
44004;M0A0A2
44022;M0A0A3
44012;M0A0A3A0
44010;M0A0A3A1
44011;M0A0A3A2
44021;M0A0A3A3
44020;M0A0A3A3A0
44067;M0A0A4
44089;M0A0A4A0
44079;M0A0A4A1
44057;M0A0A4A2
44069;M0A0A4A3
44058;M0A0A4A4
44047;M0A0A5
44039;M0A0A5A0
44049;M0A0A5A1
44038;M0A0A5A2
44037;M0A0A6
44061;M0A0A7
44042;M0A0A8
44032;M0A0A8A0
44031;M0A0A8A1
44041;M0A0A8A2
44030;M0A0A8A2A0
44050;M0A0A8A2A1
44096;M0A0A9
44086;M0A0B0
44035;M0A0B1
44077;M0A0B2
44024;M0A0B3
44009;M0A0B4
44002;M0A0B5
44074;M0A0B6
44003;M0A0B7
44005;M0A0B8
44072;M0A0B9
44090;M0A0B9A0
44083;M0A0B9A1
44094;M0A0B9A1A0
44084;M0A0B9A2
44095;M0A0B9A2A0
44097;M0A0B9A2A1
44092;M0A0B9A3
44071;M0A0B9A4
44013;M0A0B9A5
44091;M0A0B9A6
44080;M0A0B9A7
44056;M0A0C0
43054;M0A1
43021;M0A1A0
43030;M0A1A0A0
43010;M0A1A0A1
43020;M0A1A0A2
43009;M0A1A1
43042;M0A1A2
43019;M0A1A3
43029;M0A1A4
43008;M0A1A5
43026;M0A1A6
43006;M0A1A6A0
43001;M0A1A7
43064;M0A1A8
43058;M0A1A8A0
43094;M0A1A8A1
43041;M0A1A8A2
43039;M0A1A8A3
43085;M0A1A8A4
43089;M0A1A8A5
43090;M0A1A8A6
43097;M0A1A8A7
43059;M0A1A8A8
43083;M0A1A8A9
43092;M0A1A8A9A0
43099;M0A1A8B0
43093;M0A1A8B1
43061;M0A1A8B2
43091;M0A1A8B3
43014;M0A1A8B4
43057;M0A1A8B5
43070;M0A1A8B6
43051;M0A1A8B7
43050;M0A1A8B7A0
43071;M0A1A8B8
43080;M0A1A8B9
43007;M0A1A8B9A0
43069;M0A1A8C0
43012;M0A1A8C1
43096;M0A1A8C2
43048;M0A1A8C3
43095;M0A1A8C4
43079;M0A1A8C5
43040;M0A1A8C6
43088;M0A1A8C7
43098;M0A1A8C8
43023;M0A1A9
43046;M0A1B0
42854;M0A2
42863;M0A2A0
42891;M0A2A1
42870;M0A2A2
42856;M0A2A3
42815;M0A2A4
42882;M0A2A4A0
42881;M0A2A4A1
42884;M0A2A4A2
42883;M0A2A4A3
42839;M0A2A5
42866;M0A2A6
42887;M0A2A6A0
42889;M0A2A6A0A0
42898;M0A2A6A0A1
42879;M0A2A6A0A2
42817;M0A2A6A1
42875;M0A2A6A2
42819;M0A2A6A2A0
42816;M0A2A6A2A1
42894;M0A2A6A2A2
42876;M0A2A6A2A3
42869;M0A2A6A2A3A0
42873;M0A2A6A2A3A1
42895;M0A2A6A2A4
42829;M0A2A6A3
42896;M0A2A6A4
42818;M0A2A6A5
42802;M0A2A7
42872;M0A2A8
42811;M0A2A8A0
42848;M0A2A9
42803;M0A2B0
42809;M0A2B0A0
42814;M0A2B0A1
42837;M0A2B0A2
42826;M0A2B0A3
42804;M0A2B0A3A0
42880;M0A2B0A3A1
42808;M0A2B0A3A2
42805;M0A2B0A3A3
42806;M0A2B0A3A4
42807;M0A2B0A4
42822;M0A2B1
42838;M0A2B1A0
42812;M0A2B1A1
42810;M0A2B1A2
42850;M0A2B1A2A0
42820;M0A2B1A2A0A0
42841;M0A2B1A2A1
42821;M0A2B1A3
42801;M0A2B1A4
42813;M0A2B1A5
43454;M0A3
43476;M0A3A0
43485;M0A3A1
43440;M0A3A2
43415;M0A3A3
43424;M0A3A3A0
43435;M0A3A4
43434;M0A3A5
43421;M0A3A5A0
43426;M0A3A5A1
43423;M0A3A5A1A0
43407;M0A3A5A1A1
43417;M0A3A5A1A2
43419;M0A3A5A1A3
43410;M0A3A5A1A4
43427;M0A3A5A1A5
43411;M0A3A5A2
43406;M0A3A5A3
43403;M0A3A5A4
43422;M0A3A5A4A0
43402;M0A3A5A5
43413;M0A3A5A5A0
43414;M0A3A5A6
43404;M0A3A5A6A0
43412;M0A3A5A7
43401;M0A3A5A7A0
43408;M0A3A5A7A1
43479;M0A3A6
43420;M0A3A6A0
43497;M0A3A7
43486;M0A3A8
43460;M0A3A9
43437;M0A3B0
43429;M0A3B0A0
43436;M0A3B0A1
43448;M0A3B0A2
43458;M0A3B0A2A0
43457;M0A3B0A2A1
43449;M0A3B0A2A2
43456;M0A3B0A2A3
43409;M0A3B0A3
43439;M0A3B0A4
43441;M0A3B0A4A0
43418;M0A3B0A5
43493;M0A3B1
43484;M0A3B2
43495;M0A3B2A0
43494;M0A3B2A1
43432;M0A3B3
43472;M0A3B4
43491;M0A3B4A0
43490;M0A3B4A1
43480;M0A3B4A2
43405;M0A3B4A3
43470;M0A3B4A4
43446;M0A3B4A5
43431;M0A3B5
43416;M0A3B6
43425;M0A3B7
43428;M0A3B7A0
43430;M0A3B7A1
43433;M0A3B7A2
43445;M0A3B7A3
43442;M0A3B7A4
43438;M0A3B7A4A0
43443;M0A3B7A5
43444;M0A3B7A6
43469;M0A3B8
15454;N0A0
15459;N0A0A0
15466;N0A0A1
15402;N0A0A1A0
15435;N0A0A2
15489;N0A0A3
15422;N0A0A4
15462;N0A0A5
15436;N0A0A6
15458;N0A0A7
15457;N0A0A8
15487;N0A0A9
15452;N0A0A9A0
15498;N0A0A9A1
15499;N0A0B0
15494;N0A0B1
15448;N0A0B2
15417;N0A0B2A0
15447;N0A0B3
15401;N0A0B4
15469;N0A0B5
15477;N0A0B6
15473;N0A0B7
15442;N0A0B8
15423;N0A0B8A0
15420;N0A0B8A1
15440;N0A0B8A2
15421;N0A0B8A3
15430;N0A0B8A4
15437;N0A0B9
15419;N0A0B9A0
15426;N0A0B9A1
15414;N0A0B9A2
15439;N0A0B9A3
15416;N0A0B9A4
15429;N0A0B9A5
15406;N0A0B9A6
15456;N0A0C0
15424;N0A0C1
15404;N0A0C1A0
15413;N0A0C1A1
15425;N0A0C1A2
15405;N0A0C1A3
15415;N0A0C1A4
15403;N0A0C1A5
15479;N0A0C2
15474;N0A0C3
15484;N0A0C3A0
15411;N0A0C3A1
15497;N0A0C4
15412;N0A0C5
15410;N0A0C5A0
15400;N0A0C5A0A0
15472;N0A0C6
15492;N0A0C6A0
15483;N0A0C6A1
15475;N0A0C6A2
15470;N0A0C6A2A0
15460;N0A0C6A2A1
15491;N0A0C6A3
15480;N0A0C6A4
15493;N0A0C6A5
15418;N0A0C7
15438;N0A0C7A0
15409;N0A0C7A1
15407;N0A0C7A2
15408;N0A0C7A3
15495;N0A0C8
15455;N0A0C9
15450;N0A0D0
42754;N0A1
42723;N0A1A0
42752;N0A1A1
42708;N0A1A1A0
42760;N0A1A1A1
42782;N0A1A1A2
42780;N0A1A1A2A0
42791;N0A1A1A3
42742;N0A1A1A4
42710;N0A1A1A4A0
42773;N0A1A1A4A1
42712;N0A1A1A4A2
42730;N0A1A1A4A3
42701;N0A1A1A4A4
42720;N0A1A1A4A5
42740;N0A1A1A4A6
42745;N0A1A2
42719;N0A1A3
42785;N0A1A4
42766;N0A1A5
42729;N0A1A6
42776;N0A1A7
42786;N0A1A7A0
42797;N0A1A7A0A0
42778;N0A1A7A1
42788;N0A1A7A2
42793;N0A1A8
42702;N0A1A9
42756;N0A1B0
42746;N0A1B1
42749;N0A1B1A0
42716;N0A1B1A1
42759;N0A1B1A2
42727;N0A1B1A3
42757;N0A1B1A4
42769;N0A1B1A4A0
42739;N0A1B1A5
42725;N0A1B2
42705;N0A1B2A0
42704;N0A1B2A1
42654;N0A2
42686;N0A2A0
42677;N0A2A1
42623;N0A2A2
42603;N0A2A2A0
42611;N0A2A2A1
42668;N0A2A3
42679;N0A2A3A0
42648;N0A2A4
42638;N0A2A5
42627;N0A2A6
42619;N0A2A6A0
42608;N0A2A6A1
42695;N0A2A7
42659;N0A2A8
42661;N0A2A8A0
42625;N0A2A9
42651;N0A2B0
42602;N0A2B0A0
42691;N0A2B1
42694;N0A2B2
42692;N0A2B3
42681;N0A2B4
42693;N0A2B5
42696;N0A2B5A0
42641;N0A2B6
42632;N0A2B7
42671;N0A2B8
24054;P0A0
24052;P0A0A0
24061;P0A0A0A0
24070;P0A0A0A0A0
24081;P0A0A0A0A1
24021;P0A0A1
24072;P0A0A2
24066;P0A0A3
24086;P0A0A3A0
24095;P0A0A3A0A0
24097;P0A0A3A0A1
24096;P0A0A3A0A2
24089;P0A0A3A1
24099;P0A0A3A2
24069;P0A0A3A3
24079;P0A0A3A4
24057;P0A0A3A5
24067;P0A0A3A6
24047;P0A0A3A7
24049;P0A0A3A7A0
24039;P0A0A3A7A1
24024;P0A0A4
24016;P0A0A5
24027;P0A0A6
24154;P0A1
24141;P0A1A0
24158;P0A1A1
24134;P0A1A2
24103;P0A1A2A0
24114;P0A1A2A0A0
24132;P0A1A2A1
24130;P0A1A2A1A0
24121;P0A1A2A1A1
24101;P0A1A2A1A1A0
24112;P0A1A2A2
24102;P0A1A2A2A0
24147;P0A1A3
24129;P0A1A3A0
24125;P0A1A3A0A0
24128;P0A1A3A0A1
24126;P0A1A3A0A2
24136;P0A1A3A1
24127;P0A1A3A2
24139;P0A1A3A3
24118;P0A1A3A4
24146;P0A1A3A4A0
24148;P0A1A3A4A1
24142;P0A1A3A5
24162;P0A1A4
24111;P0A1A4A0
24170;P0A1A4A1
24167;P0A1A5
24179;P0A1A5A0
24189;P0A1A5A1
24176;P0A1A5A2
24197;P0A1A5A2A0
24174;P0A1A5A2A1
24195;P0A1A5A2A2
24196;P0A1A5A2A3
22654;P0A2
22633;P0A2A0
22635;P0A2A1
22657;P0A2A2
22642;P0A2A3
22671;P0A2A3A0
22672;P0A2A3A0A0
22692;P0A2A3A0A1
22693;P0A2A3A0A2
22650;P0A2A3A0A3
22680;P0A2A3A0A4
22630;P0A2A3A1
22610;P0A2A3A1A0
22663;P0A2A3A2
22622;P0A2A3A3
22612;P0A2A3A3A0
22624;P0A2A4
22603;P0A2A4A0
22604;P0A2A4A1
22605;P0A2A4A2
22694;P0A2A5
22685;P0A2A6
22677;P0A2A7
22679;P0A2A7A0
22689;P0A2A7A1
22697;P0A2A7A2
22699;P0A2A7A3
22636;P0A2A8
22607;P0A2A8A0
22606;P0A2A8A1
22601;P0A2A9
50001;Z1A0
50199;Z1A0A0
50187;Z1A0A1
50165;Z1A0A2
50145;Z1A0A3
50163;Z1A0A4
50183;Z1A0A5
50148;Z1A0A6
50170;Z1A0A7
50150;Z1A0A8
50114;Z1A0A9
50142;Z1A0B0
50140;Z1A0B1
50185;Z1A0B2
50171;Z1A0B3
50139;Z1A0B4
50105;Z1A0B5
50132;Z1A0B6
50002;Z1A1
50299;Z1A1A0
50287;Z1A1A1
50265;Z1A1A2
50281;Z1A1A3
50283;Z1A1A4
50248;Z1A1A5
50249;Z1A1A6
50241;Z1A1A7
50242;Z1A1A8
50205;Z1A1A9
50229;Z1A1B0
50250;Z1A1B1
50261;Z1A1B2
50003;Z1A2
50399;Z1A2A0
50387;Z1A2A1
50365;Z1A2A2
50320;Z1A2A3
50323;Z1A2A4
50341;Z1A2A5
50363;Z1A2A6
50381;Z1A2A7
50383;Z1A2A8
50349;Z1A2A9
50355;Z1A2B0
50322;Z1A2B1
50321;Z1A2B2
50350;Z1A2B3
50361;Z1A2B4
50331;Z1A2B5
50004;Z1A3
50499;Z1A3A0
50487;Z1A3A1
50465;Z1A3A2
50471;Z1A3A3
50470;Z1A3A4
50400;Z1A3A5
50403;Z1A3A6
50430;Z1A3A7
50446;Z1A3A8
50420;Z1A3A9
50401;Z1A3B0
50453;Z1A3B1
50450;Z1A3B2
50463;Z1A3B3
50488;Z1A3B4
50422;Z1A3B5
50437;Z1A3B6
50461;Z1A3B7
50005;Z1A4
50599;Z1A4A0
50587;Z1A4A1
50565;Z1A4A2
50545;Z1A4A3
50510;Z1A4A4
50513;Z1A4A5
50562;Z1A4A6
50500;Z1A4A7
50533;Z1A4A8
50563;Z1A4A9
50550;Z1A4B0
50537;Z1A4B1
50561;Z1A4B2
50009;Z1A5
50999;Z1A5A0
50979;Z1A5A0A0
50971;Z1A5A0A0A0
50972;Z1A5A0A0A1
50973;Z1A5A0A0A2
50974;Z1A5A0A0A3
50975;Z1A5A0A0A4
50976;Z1A5A0A0A5
50977;Z1A5A0A0A6
50978;Z1A5A0A0A7
50970;Z1A5A0A0A8
50980;Z1A5A0A1
50981;Z1A5A0A1A0
50982;Z1A5A0A1A1
50983;Z1A5A0A1A2
50984;Z1A5A0A1A3
50985;Z1A5A0A1A4
50966;Z1A5A1
50933;Z1A5A2
63054;Z2A0
63501;Z2A0A0
63502;Z2A0A0A0
63503;Z2A0A0A1
63504;Z2A0A0A2
63506;Z2A0A0A3
63507;Z2A0A0A4
63508;Z2A0A0A5
63509;Z2A0A0A6
63510;Z2A0A0A7
63511;Z2A0A0A8
63512;Z2A0A0A9
63201;Z2A0A1
63211;Z2A0A1A0
63204;Z2A0A1A1
63212;Z2A0A1A2
63214;Z2A0A1A3
63215;Z2A0A1A4
63216;Z2A0A1A5
63213;Z2A0A1A6
63217;Z2A0A1A7
63219;Z2A0A1A8
63401;Z2A0A2
63405;Z2A0A2A0
63412;Z2A0A2A1
63413;Z2A0A2A2
63414;Z2A0A2A3
63415;Z2A0A2A4
63416;Z2A0A2A5
63417;Z2A0A2A6
63418;Z2A0A2A7
63419;Z2A0A2A8
63420;Z2A0A2A9
63421;Z2A0A2B0
63423;Z2A0A2B1
63422;Z2A0A2B2
63301;Z2A0A3
63302;Z2A0A3A0
63303;Z2A0A3A1
63305;Z2A0A3A2
63306;Z2A0A3A3
63307;Z2A0A3A4
63308;Z2A0A3A5
63309;Z2A0A3A6
63310;Z2A0A3A7
63311;Z2A0A3A8
63312;Z2A0A3A9
63313;Z2A0A3B0
63314;Z2A0A3B1
63315;Z2A0A3B2
63319;Z2A0A3B3
63316;Z2A0A3B4
63317;Z2A0A3B5
63318;Z2A0A3B6
63101;Z2A0A4
63102;Z2A0A4A0
63103;Z2A0A4A1
63104;Z2A0A4A2
63105;Z2A0A4A3
63106;Z2A0A4A4
64054;Z2A1
64201;Z2A1A0
64226;Z2A1A0A0
64227;Z2A1A0A1
64228;Z2A1A0A2
64229;Z2A1A0A3
64230;Z2A1A0A4
64231;Z2A1A0A5
64242;Z2A1A0A6
64233;Z2A1A0A7
64234;Z2A1A0A8
64235;Z2A1A0A9
64236;Z2A1A0B0
64237;Z2A1A0B1
64238;Z2A1A0B2
64239;Z2A1A0B3
64240;Z2A1A0B4
64243;Z2A1A0B5
64245;Z2A1A0B6
64244;Z2A1A0B7
64232;Z2A1A0B8
64241;Z2A1A0B9
64101;Z2A1A1
64102;Z2A1A1A0
64103;Z2A1A1A1
64104;Z2A1A1A2
64301;Z2A1A2
64302;Z2A1A2A0
64303;Z2A1A2A1
64304;Z2A1A2A2
64305;Z2A1A2A3
64306;Z2A1A2A4
64307;Z2A1A2A5
64314;Z2A1A2A6
64316;Z2A1A2A7
64317;Z2A1A2A8
64318;Z2A1A2A9
64319;Z2A1A2B0
64321;Z2A1A2B1
66054;Z2A2
62054;Z2A3
62401;Z2A3A0
62402;Z2A3A0A0
62403;Z2A3A0A1
62404;Z2A3A0A2
62309;Z2A3A0A3
62406;Z2A3A0A4
62407;Z2A3A0A5
62408;Z2A3A0A6
62301;Z2A3A1
62302;Z2A3A1A0
62303;Z2A3A1A1
62304;Z2A3A1A2
62306;Z2A3A1A3
62101;Z2A3A2
62102;Z2A3A2A0
62103;Z2A3A2A1
62104;Z2A3A2A2
62105;Z2A3A2A3
62106;Z2A3A2A4
62107;Z2A3A2A5
62108;Z2A3A2A6
62201;Z2A3A3
62217;Z2A3A3A0
62212;Z2A3A3A1
62213;Z2A3A3A2
62214;Z2A3A3A3
62215;Z2A3A3A4
62216;Z2A3A3A5
62219;Z2A3A3A6
62220;Z2A3A3A7
62221;Z2A3A3A8
62223;Z2A3A3A9
62222;Z2A3A3B0
62501;Z2A3A4
62502;Z2A3A4A0
62503;Z2A3A4A1
62504;Z2A3A4A2
62505;Z2A3A4A3
62507;Z2A3A4A4
62506;Z2A3A4A5
62508;Z2A3A4A6
62509;Z2A3A4A7
62510;Z2A3A4A8
62511;Z2A3A4A9
62512;Z2A3A4B0
62513;Z2A3A4B1
62514;Z2A3A4B2
62520;Z2A3A4B3
62521;Z2A3A4B4
62522;Z2A3A4B5
62523;Z2A3A4B6
61054;Z2A4
61261;Z2A4A0
61221;Z2A4A0A0
61223;Z2A4A0A1
61240;Z2A4A0A2
61244;Z2A4A0A3
61245;Z2A4A0A4
61246;Z2A4A0A5
61247;Z2A4A0A6
61248;Z2A4A0A7
61249;Z2A4A0A8
61251;Z2A4A0A9
61262;Z2A4A1
61119;Z2A4A1A0
61122;Z2A4A1A1
61123;Z2A4A1A2
61127;Z2A4A1A3
61139;Z2A4A1A4
61140;Z2A4A1A5
61143;Z2A4A1A6
61147;Z2A4A1A7
61263;Z2A4A2
61124;Z2A4A2A0
61225;Z2A4A2A1
61126;Z2A4A2A2
61129;Z2A4A2A3
61130;Z2A4A2A4
61241;Z2A4A2A5
61242;Z2A4A2A6
61142;Z2A4A2A7
61145;Z2A4A2A8
61146;Z2A4A2A9
61264;Z2A4A3
61202;Z2A4A3A0
61243;Z2A4A3A1
61120;Z2A4A3A2
61222;Z2A4A3A3
61253;Z2A4A3A4
61224;Z2A4A3A5
61125;Z2A4A3A6
61239;Z2A4A3A7
61131;Z2A4A3A8
61267;Z2A4A3A9
61141;Z2A4A3B0
61257;Z2A4A3B1
61256;Z2A4A3B2
61144;Z2A4A3B3
61259;Z2A4A3B4
61255;Z2A4A3B5
61250;Z2A4A3B6
61260;Z2A4A3B7
65054;Z2A5
65102;Z2A5A0
65111;Z2A5A1
65120;Z2A5A2
65103;Z2A5A3
65108;Z2A5A4
65109;Z2A5A5
65110;Z2A5A6
65112;Z2A5A7
65121;Z2A5A8
65113;Z2A5A9
65114;Z2A5B0
65119;Z2A5B1
65115;Z2A5B2
65116;Z2A5B3
65117;Z2A5B4
65118;Z2A5B5
81099;Z3A0
81069;Z3A0A0
81060;Z3A0A1
81062;Z3A0A2
81014;Z3A0A3
81018;Z3A0A4
81020;Z3A0A5
81027;Z3A0A5A0
81025;Z3A0A5A1
81026;Z3A0A5A2
81024;Z3A0A6
81050;Z3A0A7
81021;Z3A0A8
81061;Z3A0A9
81019;Z3A0B0
81022;Z3A0B1
81023;Z3A0B1A0
81031;Z3A0B2
81042;Z3A0B3
81013;Z3A0B4
82058;Z3A1
82055;Z3A1A0
82070;Z3A1A1
82075;Z3A1A2
82071;Z3A1A3
82074;Z3A1A4
82004;Z3A1A5
82009;Z3A1A6
82069;Z3A1A7
82064;Z3A1A8
82015;Z3A1A9
82017;Z3A1B0
82016;Z3A1B1
82018;Z3A1B2
82066;Z3A1B3
82038;Z3A1B4
82044;Z3A1B5
82046;Z3A1B6
82019;Z3A1B7
80001;Z3A2
80004;Z3A2A0
80006;Z3A2A1
80007;Z3A2A2
80009;Z3A2A3
80003;Z3A2A4
80008;Z3A2A5
83056;Z3A3
99054;Z4A0
99008;Z4A0A0
99011;Z4A0A1
99010;Z4A0A2
99004;Z4A0A3
99006;Z4A0A4
99001;Z4A0A5
99003;Z4A0A6
99005;Z4A0A7
99002;Z4A0A8
99009;Z4A0A9
95054;Z4A1
95020;Z4A1A0
95012;Z4A1A1
98554;Z4A2
98801;Z4A2A0
98802;Z4A2A1
98803;Z4A2A2
98823;Z4A2A3
98601;Z4A2A4
98602;Z4A2A5
98603;Z4A2A6
98604;Z4A2A7
98605;Z4A2A8
98606;Z4A2A8A0
98607;Z4A2A8A1
98608;Z4A2A8A2
98609;Z4A2A8A3
98619;Z4A2A8A4
98611;Z4A2A8A5
98613;Z4A2A8A6
98614;Z4A2A9
98615;Z4A2B0
98617;Z4A2B1
98618;Z4A2B2
98701;Z4A2B3
98711;Z4A2B3A0
98703;Z4A2B3A1
98704;Z4A2B3A1A0
98705;Z4A2B3A1A1
98706;Z4A2B3A2
98707;Z4A2B3A3
98708;Z4A2B4
98709;Z4A2B5
98720;Z4A2B6
98710;Z4A2B7
98721;Z4A2B8
98712;Z4A2B9
98713;Z4A2C0
98714;Z4A2C1
98715;Z4A2C2
98717;Z4A2C2A0
98716;Z4A2C2A1
98718;Z4A2C2A2
98719;Z4A2C2A3
98722;Z4A2C3
98616;Z4A2C4
98804;Z4A2C5
98805;Z4A2C6
98808;Z4A2C7
98809;Z4A2C8
98812;Z4A2C9
98810;Z4A2D0
98811;Z4A2D1
98813;Z4A2D2
98814;Z4A2D3
98815;Z4A2D4
98816;Z4A2D5
98817;Z4A2D6
98818;Z4A2D7
98819;Z4A2D8
98820;Z4A2D9
98821;Z4A2E0
98822;Z4A2E1
98054;Z4A3
98012;Z4A3A0
98011;Z4A3A1
98019;Z4A3A2
98006;Z4A3A3
98005;Z4A3A3A0
98009;Z4A3A3A0A0
98008;Z4A3A3A0A0A0
98021;Z4A3A4
98020;Z4A3A5
98004;Z4A3A6
98040;Z4A3A6A0
98016;Z4A3A6A0A0
98015;Z4A3A6A0A1
98010;Z4A3A7
98037;Z4A3A7A0
98017;Z4A3A8
98018;Z4A3A9
98013;Z4A3B0
94054;Z4A4
94000;Z4A4A0
94018;Z4A4A1
94001;Z4A4A2
94019;Z4A4A3
94002;Z4A4A4
94020;Z4A4A5
94005;Z4A4A6
94004;Z4A4A7
94006;Z4A4A8
94007;Z4A4A9
94017;Z4A4B0
94009;Z4A4B1
94010;Z4A4B2
94011;Z4A4B3
94012;Z4A4B4
94013;Z4A4B5
94014;Z4A4B6
94015;Z4A4B7
94016;Z4A4B8
94022;Z4A4B9
99999;Z4A5
93054;Z4A6
93020;Z4A6A0
93018;Z4A6A1
93017;Z4A6A2
92054;Z4A7
92005;Z4A7A0
92007;Z4A7A1
92009;Z4A7A2
92003;Z4A7A3
92002;Z4A7A4
91554;Z4A8
91501;Z4A8A0
91502;Z4A8A1
91503;Z4A8A2
96054;Z4A9
96121;Z4A9A0
96124;Z4A9A0A0
96125;Z4A9A0A0A0
96126;Z4A9A0A0A1
96127;Z4A9A0A1
96142;Z4A9A0A2
96129;Z4A9A0A3
96133;Z4A9A0A3A0
96130;Z4A9A0A3A1
96131;Z4A9A0A3A2
96134;Z4A9A0A4
96147;Z4A9A0A5
96135;Z4A9A0A6
96132;Z4A9A0A7
96149;Z4A9A0A8
96410;Z4A9A1
96414;Z4A9A1A0
96411;Z4A9A1A1
96412;Z4A9A1A2
96413;Z4A9A1A3
96310;Z4A9A2
96313;Z4A9A2A0
96312;Z4A9A2A1
96311;Z4A9A2A2
96210;Z4A9A3
96213;Z4A9A3A0
96211;Z4A9A3A1
96214;Z4A9A3A2
96212;Z4A9A3A3
96554;Z4B0
96528;Z4B0A0
96533;Z4B0A1
96535;Z4B0A2
96537;Z4B0A3
96541;Z4B0A4
97054;Z4B1
97007;Z4B1A0
97006;Z4B1A1
97004;Z4B1A2
97003;Z4B1A3
97001;Z4B1A4
97002;Z4B1A5
97005;Z4B1A6
91054;Z4B2
91003;Z4B2A0
91004;Z4B2A1
91044;Z4B2A2
91002;Z4B2A3
97554;Z4B3
97500;Z4B3A0
97511;Z4B3A1
97501;Z4B3A2
97502;Z4B3A3
97515;Z4B3A4
97513;Z4B3A4A0
97505;Z4B3A4A1
97508;Z4B3A4A1A0
97512;Z4B3A4A2
97507;Z4B3A5
97503;Z4B3A6
97506;Z4B3A7
97504;Z4B3A8
92554;Z4B4
92504;Z4B4A0
92503;Z4B4A1
92502;Z4B4A2
92501;Z4B4A3
72454;Z5A0
72410;Z5A0A0
72411;Z5A0A0A0
72420;Z5A0A0A1
72412;Z5A0A0A2
71954;Z5A1
71909;Z5A1A0
71905;Z5A1A1
71906;Z5A1A2
71904;Z5A1A3
71908;Z5A1A4
71907;Z5A1A5
71901;Z5A1A6
71903;Z5A1A7
71902;Z5A1A8
71910;Z5A1A9
70154;Z5A2
70254;Z5A3
70201;Z5A3A0
70202;Z5A3A1
70203;Z5A3A2
70204;Z5A3A3
72554;Z5A4
72501;Z5A4A0
72503;Z5A4A1
72502;Z5A4A2
72754;Z5A5
72740;Z5A5A0
72742;Z5A5A0A0
72741;Z5A5A0A1
72710;Z5A5A1
72713;Z5A5A1A0
72712;Z5A5A1A1
72714;Z5A5A1A2
72711;Z5A5A1A3
72730;Z5A5A2
72720;Z5A5A3
72721;Z5A5A3A0
71854;Z5A6
71803;Z5A6A0
71802;Z5A6A1
71804;Z5A6A2
70354;Z5A7
70310;Z5A7A0
70311;Z5A7A0A0
70312;Z5A7A0A1
70313;Z5A7A0A2
70320;Z5A7A1
70321;Z5A7A1A0
70322;Z5A7A1A1
70323;Z5A7A1A2
70330;Z5A7A2
70332;Z5A7A2A0
70333;Z5A7A2A1
70454;Z5A8
70401;Z5A8A0
70402;Z5A8A1
71454;Z5A9
71401;Z5A9A0
71402;Z5A9A1
71408;Z5A9A2
71404;Z5A9A3
71410;Z5A9A4
71403;Z5A9A5
71409;Z5A9A6
71405;Z5A9A7
71407;Z5A9A8
71406;Z5A9A9
70554;Z5B0
70501;Z5B0A0
70502;Z5B0A1
70503;Z5B0A2
70504;Z5B0A3
72854;Z5B1
70654;Z5B2
70601;Z5B2A0
70602;Z5B2A1
70604;Z5B2A2
70603;Z5B2A3
72254;Z5B3
72201;Z5B3A0
72202;Z5B3A1
70754;Z5B4
70701;Z5B4A0
70702;Z5B4A1
70710;Z5B4A2
70712;Z5B4A2A0
70711;Z5B4A2A1
70703;Z5B4A3
70704;Z5B4A4
70705;Z5B4A5
70706;Z5B4A6
70707;Z5B4A7
70854;Z5B5
70801;Z5B5A0
70954;Z5B6
70901;Z5B6A0
71054;Z5B7
71001;Z5B7A0
71002;Z5B7A1
71154;Z5B8
71110;Z5B8A0
71111;Z5B8A0A0
71115;Z5B8A0A1
71113;Z5B8A0A2
71114;Z5B8A0A3
71140;Z5B8A1
71141;Z5B8A1A0
71142;Z5B8A1A1
71143;Z5B8A1A2
71144;Z5B8A1A3
71120;Z5B8A2
71121;Z5B8A2A0
71123;Z5B8A2A1
71125;Z5B8A2A2
71126;Z5B8A2A3
71127;Z5B8A2A4
71130;Z5B8A3
71131;Z5B8A3A0
71135;Z5B8A3A1
71132;Z5B8A3A2
71134;Z5B8A3A3
71133;Z5B8A3A4
71754;Z5B9
71701;Z5B9A0
71254;Z5C0
71201;Z5C0A0
71202;Z5C0A1
71203;Z5C0A2
71204;Z5C0A3
71205;Z5C0A4
71354;Z5C1
71301;Z5C1A0
71302;Z5C1A1
71303;Z5C1A2
71304;Z5C1A3
71305;Z5C1A4
71554;Z5C2
71501;Z5C2A0
71502;Z5C2A1
71503;Z5C2A2
71504;Z5C2A3
71505;Z5C2A4
71506;Z5C2A5
71507;Z5C2A6
72054;Z5C3
72001;Z5C3A0
72002;Z5C3A1
72154;Z5C4
72101;Z5C4A0
72102;Z5C4A1
71654;Z5C5
71630;Z5C5A0
71632;Z5C5A0A0
71631;Z5C5A0A1
71633;Z5C5A0A2
71670;Z5C5A1
71620;Z5C5A2
71660;Z5C5A3
71661;Z5C5A3A0
71640;Z5C5A4
71610;Z5C5A5
71613;Z5C5A5A0
71614;Z5C5A5A1
71611;Z5C5A5A2
71612;Z5C5A5A3
71616;Z5C5A5A4
71615;Z5C5A5A5
72654;Z5C6
72601;Z5C6A0
72603;Z5C6A1
72602;Z5C6A2
72354;Z5C7
72310;Z5C7A0
72311;Z5C7A0A0
72313;Z5C7A0A1
72312;Z5C7A0A2
72320;Z5C7A1
72321;Z5C7A1A0
72330;Z5C7A2
72331;Z5C7A2A0
